"","Trip.Started.At","Trip.Ended.At","Trip.Distance.Miles","Average.MPG","Fuel.Cost.USD","Hard.Brake.Count","Hard.Accel.Count","trip.minutes","avg.mph","calc.gallons","cost.per.gallon"
"1",2014-03-06 11:47:00,2014-03-06 12:00:00,6.4,22.79,1.04,0,1,13,2.3558282208589,0.280824923211935,3.703375
"2",2014-03-06 12:17:00,2014-03-06 12:27:00,6.51,26.25,0.95,0,0,10,2.39631901840491,0.248,3.83064516129032
"3",2014-03-06 17:51:00,2014-03-06 17:56:00,0.51,9.59,0.2,0,0,5,0.187730061349693,0.0531803962460897,3.76078431372549
"4",2014-03-06 17:58:00,2014-03-06 19:02:00,42.02,28.64,5.48,0,1,64,15.4674846625767,1.46717877094972,3.73505949547834
"5",2014-03-07 08:27:00,2014-03-07 09:20:00,43,28.98,5.46,0,2,53,15.8282208588957,1.48378191856453,3.67978604651163
"6",2014-03-07 12:15:00,2014-03-07 12:28:00,3.81,17.84,0.78,0,0,13,1.40245398773006,0.213565022421525,3.65228346456693
"7",2014-03-07 17:47:00,2014-03-07 18:57:00,47.13,28.13,6.27,0,7,70,17.3484662576687,1.67543547813722,3.74231063017186
"8",2014-03-08 18:59:00,2014-03-08 19:04:00,0.5,6.51,0.29,0,0,5,0.184049079754601,0.0768049155145929,3.7758
"9",2014-03-08 19:06:00,2014-03-08 19:31:00,9.03,20.77,1.64,0,0,25,3.3239263803681,0.4347616754935,3.77218161683278
"10",2014-03-08 19:40:00,2014-03-08 20:11:00,8.71,20.28,1.61,0,0,31,3.20613496932515,0.42948717948718,3.74865671641791
"11",2014-03-13 09:22:00,2014-03-13 10:14:00,43.17,29.42,5.56,0,0,52,15.8907975460123,1.46736913664174,3.7890942784341
"12",2014-03-13 13:36:00,2014-03-13 13:39:00,0.42,7.86,0.2,0,0,3,0.154601226993865,0.0534351145038168,3.74285714285714
"13",2014-03-13 13:45:00,2014-03-13 13:48:00,0.93,17.54,0.2,0,0,3,0.342331288343558,0.0530216647662486,3.77204301075269
"14",2014-03-13 18:17:00,2014-03-13 19:11:00,47.4,27.47,6.54,0,2,54,17.4478527607362,1.72551874772479,3.79016455696203
"15",2014-03-14 08:12:00,2014-03-14 09:16:00,43.11,27.31,5.97,0,2,64,15.8687116564417,1.5785426583669,3.78196938065414
"16",2014-03-14 12:41:00,2014-03-14 12:56:00,3.85,17.29,0.85,0,0,15,1.41717791411043,0.222672064777328,3.81727272727273
"17",2014-03-14 17:18:00,2014-03-14 18:40:00,41.82,24.76,6.39,0,1,82,15.3938650306748,1.68901453957997,3.78327116212339
"18",2014-03-16 15:40:00,2014-03-16 15:48:00,0.86,7.56,0.44,0,0,8,0.316564417177914,0.113756613756614,3.86790697674419
"19",2014-03-16 15:52:00,2014-03-16 16:33:00,19.81,24.02,3.15,0,1,41,7.2920245398773,0.824729392173189,3.81943462897526
"20",2014-03-16 18:37:00,2014-03-16 19:33:00,18.27,22.03,3.17,1,0,56,6.72515337423313,0.82932364956877,3.82239189928845
"21",2014-03-17 09:06:00,2014-03-17 10:08:00,47.11,27.16,6.57,0,0,62,17.3411042944785,1.73453608247423,3.78775631500743
"22",2014-03-17 12:48:00,2014-03-17 12:59:00,5.06,23.04,0.84,0,0,11,1.86257668711656,0.219618055555556,3.82482213438735
"23",2014-03-17 13:40:00,2014-03-17 13:53:00,3.79,21.26,0.68,0,0,13,1.39509202453988,0.17826904985889,3.81445910290238
"24",2014-03-17 17:56:00,2014-03-17 18:50:00,43.5,29.82,5.53,1,0,54,16.0122699386503,1.45875251509054,3.79091034482759
"25",2014-03-18 08:18:00,2014-03-18 09:32:00,43.07,26.61,6.16,0,2,74,15.8539877300614,1.61856444945509,3.80584165312282
"26",2014-03-18 17:36:00,2014-03-18 18:19:00,22.92,25.31,3.44,0,1,43,8.43680981595092,0.905570920584749,3.79870855148342
"27",2014-03-18 19:49:00,2014-03-18 20:24:00,25.02,29.76,3.21,0,0,35,9.20981595092024,0.840725806451613,3.81812949640288
"28",2014-03-19 09:08:00,2014-03-19 09:57:00,43.14,29.37,5.59,0,2,49,15.879754601227,1.46884576098059,3.80570931849791
"29",2014-03-19 12:28:00,2014-03-19 12:38:00,4.91,23.29,0.81,0,1,10,1.80736196319018,0.210820094461142,3.84213849287169
"30",2014-03-19 13:49:00,2014-03-19 13:54:00,1.28,16.12,0.3,1,0,5,0.471165644171779,0.0794044665012407,3.778125
"31",2014-03-19 14:02:00,2014-03-19 14:10:00,2.53,20.91,0.47,1,0,8,0.931288343558282,0.120994739359158,3.88446640316206
"32",2014-03-19 16:44:00,2014-03-19 17:56:00,43.2,29.14,5.64,0,0,72,15.9018404907975,1.4824982841455,3.80438888888889
"33",2014-03-20 08:46:00,2014-03-20 08:51:00,0.88,9.33,0.36,0,0,5,0.323926380368098,0.0943193997856377,3.81681818181818
"34",2014-03-20 08:55:00,2014-03-20 09:47:00,42.29,30.9,5.2,1,0,52,15.5668711656442,1.36860841423948,3.79947978245448
"35",2014-03-20 12:12:00,2014-03-20 12:27:00,3.85,19.39,0.76,0,0,15,1.41717791411043,0.1985559566787,3.82763636363636
"36",2014-03-20 17:11:00,2014-03-20 18:21:00,45.73,27.15,6.41,0,3,70,16.8331288343558,1.68434622467772,3.80563087688607
"37",2014-03-21 08:44:00,2014-03-21 09:01:00,6.57,19.94,1.26,0,1,17,2.41840490797546,0.329488465396189,3.8241095890411
"38",2014-03-21 09:28:00,2014-03-21 09:51:00,6.84,20.42,1.28,0,0,23,2.51779141104294,0.334965719882468,3.8212865497076
"39",2014-03-21 12:32:00,2014-03-21 12:40:00,1.02,9.31,0.42,0,0,8,0.375460122699387,0.109559613319012,3.83352941176471
"40",2014-03-21 18:11:00,2014-03-21 18:20:00,1.2,12.45,0.37,0,0,9,0.441717791411043,0.0963855421686747,3.83875
"42",2014-03-22 16:27:00,2014-03-22 16:48:00,9.76,23.69,1.58,0,0,21,3.59263803680982,0.411988180666948,3.83506147540984
"41",2014-03-22 22:03:00,2014-03-22 22:25:00,9.65,22.43,1.65,1,1,22,3.5521472392638,0.430227374052608,3.83518134715026
"43",2014-03-23 13:31:00,2014-03-23 13:39:00,6.7,16.57,1.52,0,0,8,2.46625766871166,0.404345202172601,3.75916417910448
"44",2014-03-23 13:41:00,2014-03-23 14:09:00,6.02,16.09,1.41,0,0,28,2.2159509202454,0.374145431945308,3.76858803986711
"45",2014-03-23 18:18:00,2014-03-23 19:12:00,13.63,17.88,2.91,1,4,54,5.01717791411043,0.762304250559284,3.8173734409391
"46",2014-03-24 08:41:00,2014-03-24 09:38:00,43.13,27.26,6.02,0,1,57,15.8760736196319,1.58217168011739,3.80489682355669
"47",2014-03-24 13:08:00,2014-03-24 13:11:00,0.96,18.12,0.2,0,0,3,0.353374233128834,0.0529801324503311,3.775
"48",2014-03-24 14:08:00,2014-03-24 14:08:00,1.65,22.35,0.28,0,0,0,0.607361963190184,0.0738255033557047,3.79272727272727
"49",2014-03-24 17:28:00,2014-03-24 18:29:00,44.79,28.47,5.98,0,1,61,16.4871165644172,1.57323498419389,3.80108506363027
"50",2014-03-25 06:43:00,2014-03-25 07:35:00,41.78,28.85,5.51,0,1,52,15.3791411042945,1.44818024263432,3.80477501196745
"51",2014-03-25 20:35:00,2014-03-25 20:55:00,9.44,24.24,1.49,1,0,20,3.47484662576687,0.389438943894389,3.82601694915254
"52",2014-03-26 09:07:00,2014-03-26 09:57:00,43.13,28.81,5.69,0,0,50,15.8760736196319,1.49704963554321,3.80080918154417
"53",2014-03-26 14:27:00,2014-03-26 14:38:00,6.35,22.29,1.08,0,0,11,2.33742331288344,0.28488111260655,3.79105511811024
"54",2014-03-26 14:46:00,2014-03-26 14:57:00,6.51,24.89,0.99,0,0,11,2.39631901840491,0.261550823623945,3.78511520737327
"55",2014-03-26 17:47:00,2014-03-26 18:46:00,45.12,26.9,6.37,0,0,59,16.6085889570552,1.67732342007435,3.79771719858156
"56",2014-03-27 08:45:00,2014-03-27 09:49:00,45.62,27.99,6.17,0,1,64,16.7926380368098,1.62986780993212,3.78558307759754
"57",2014-03-27 13:48:00,2014-03-27 14:02:00,3.2,16.53,0.74,0,1,14,1.17791411042945,0.193587416817907,3.8225625
"58",2014-03-27 17:48:00,2014-03-27 18:47:00,43.26,27.48,5.96,0,1,59,15.9239263803681,1.57423580786026,3.78596393897365
"59",2014-03-28 07:25:00,2014-03-28 08:21:00,43.22,30.23,5.43,0,0,56,15.9092024539877,1.42970559047304,3.79798472929199
"60",2014-03-28 15:13:00,2014-03-28 16:17:00,44.76,27.83,6.11,0,2,64,16.4760736196319,1.60833632770392,3.79895665773012
"61",2014-03-29 13:01:00,2014-03-29 13:34:00,6.75,15.8,1.63,0,1,33,2.48466257668712,0.427215189873418,3.81540740740741
"62",2014-03-29 13:37:00,2014-03-29 14:50:00,11.82,15.38,2.94,0,1,73,4.35092024539877,0.76853055916775,3.82548223350254
"63",2014-03-29 16:00:00,2014-03-29 17:00:00,34.76,24.44,5.47,0,2,60,12.7950920245399,1.42225859247136,3.84599539700806
"64",2014-03-29 17:11:00,2014-03-29 18:40:00,80.53,27.12,11.52,0,1,89,29.6429447852761,2.96939528023599,3.87957779709425
"65",2014-03-30 10:53:00,2014-03-30 11:18:00,15.57,28.13,2.05,0,1,25,5.73128834355828,0.553501599715606,3.70369299935774
"66",2014-03-30 11:29:00,2014-03-30 11:55:00,15.59,25.4,2.27,0,0,26,5.73865030674847,0.613779527559055,3.69839640795382
"67",2014-03-30 17:41:00,2014-03-30 19:59:00,119.2,30.64,14.96,0,0,138,43.8773006134969,3.89033942558747,3.84542281879195
"68",2014-04-01 09:13:00,2014-04-01 10:05:00,46.75,30.14,5.92,0,1,52,17.2085889570552,1.55109489051095,3.81665882352941
"69",2014-04-01 12:24:00,2014-04-01 12:37:00,3.45,21.57,0.62,0,0,13,1.26993865030675,0.159944367176634,3.87634782608696
"70",2014-04-01 13:22:00,2014-04-01 13:32:00,4.05,23,0.68,0,0,10,1.49079754601227,0.176086956521739,3.86172839506173
"71",2014-04-01 18:08:00,2014-04-01 18:13:00,1.25,13.7,0.35,0,0,5,0.460122699386503,0.0912408759124088,3.836
"72",2014-04-01 18:17:00,2014-04-01 19:09:00,43.74,30.65,5.47,0,0,52,16.1006134969325,1.42707993474715,3.83300182898948
"73",2014-04-02 05:56:00,2014-04-02 07:51:00,116.34,30.76,12.98,0,0,115,42.8245398773006,3.78218465539662,3.43187897541688
"74",2014-04-02 07:56:00,2014-04-02 08:31:00,22.93,31.28,2.64,0,0,35,8.44049079754601,0.733056265984655,3.60136066288705
"75",2014-04-02 10:56:00,2014-04-02 11:34:00,33.09,28.77,4.17,0,0,38,12.1803680981595,1.15015641293014,3.62559383499547
"76",2014-04-02 11:40:00,2014-04-02 12:58:00,78.91,33.87,8.39,0,0,78,29.0466257668712,2.32979037496309,3.60118235965023
"77",2014-04-02 16:05:00,2014-04-02 16:42:00,32.02,31.49,3.64,0,0,37,11.7865030674847,1.01683073991743,3.5797501561524
"78",2014-04-02 16:57:00,2014-04-02 17:30:00,34.38,36.05,3.19,0,0,33,12.6552147239264,0.95367545076283,3.34495346131472
"79",2014-04-02 17:33:00,2014-04-02 18:24:00,39.05,30.41,4.62,0,1,51,14.3742331288344,1.28411706675436,3.59780281690141
"80",2014-04-03 08:46:00,2014-04-03 09:44:00,43.09,28.55,5.76,0,0,58,15.8613496932515,1.5092819614711,3.81638431190531
"81",2014-04-03 13:49:00,2014-04-03 13:59:00,5.06,25.08,0.77,0,1,10,1.86257668711656,0.201754385964912,3.81652173913043
"82",2014-04-03 14:30:00,2014-04-03 14:46:00,4.31,18,0.91,0,2,16,1.58650306748466,0.239444444444444,3.80046403712297
"83",2014-04-03 16:30:00,2014-04-03 17:32:00,43.19,28.67,5.75,0,1,62,15.8981595092025,1.50645273805371,3.81691363741607
"84",2014-04-04 09:01:00,2014-04-04 09:57:00,43.12,28.62,5.76,0,2,56,15.8723926380368,1.50663871418588,3.82307977736549
"85",2014-04-04 14:04:00,2014-04-04 14:17:00,3.22,16.83,0.73,0,0,13,1.18527607361963,0.191325014854427,3.81549689440994
"86",2014-04-04 16:58:00,2014-04-04 18:21:00,47.19,26.96,6.7,1,3,83,17.3705521472393,1.75037091988131,3.82776011866921
"87",2014-04-05 12:28:00,2014-04-05 13:21:00,12.54,16.97,2.83,0,4,53,4.6159509202454,0.738951090159104,3.82975279106858
"88",2014-04-05 21:49:00,2014-04-05 22:10:00,8.51,19.77,1.65,0,0,21,3.13251533742331,0.430450177035913,3.83319623971798
"89",2014-04-05 22:26:00,2014-04-05 22:55:00,8.56,20.67,1.59,0,0,29,3.15092024539877,0.414126753749395,3.83940420560748
"90",2014-04-07 09:11:00,2014-04-07 10:07:00,43.07,29.35,5.62,0,1,56,15.8539877300614,1.46746166950596,3.82974228000929
"91",2014-04-07 18:09:00,2014-04-07 19:14:00,47.21,31.13,5.81,0,1,65,17.3779141104294,1.51654352714423,3.83108027960178
"92",2014-04-08 09:29:00,2014-04-08 09:34:00,0.79,9.83,0.31,0,0,5,0.29079754601227,0.0803662258392676,3.8573417721519
"93",2014-04-08 09:34:00,2014-04-08 10:21:00,37.82,31.38,4.39,0,0,47,13.921472392638,1.20522625876354,3.64246959280804
"94",2014-04-08 10:28:00,2014-04-08 11:03:00,34.53,31.12,3.73,0,0,35,12.7104294478528,1.10957583547558,3.3616449464234
"95",2014-04-08 11:09:00,2014-04-08 11:44:00,31.93,30.35,3.77,0,0,35,11.7533742331288,1.05205930807249,3.58344816786721
"96",2014-04-08 16:04:00,2014-04-08 16:41:00,31.98,31.92,3.61,0,0,37,11.7717791411043,1.00187969924812,3.60322701688555
"97",2014-04-08 16:51:00,2014-04-08 17:46:00,58.3,32.46,6.13,0,0,55,21.4601226993865,1.79605668515095,3.41303259005146
"98",2014-04-08 17:50:00,2014-04-08 18:22:00,15.87,26.09,2.21,1,0,32,5.84171779141104,0.608279034112687,3.63320100819156
"99",2014-04-10 08:37:00,2014-04-10 09:53:00,43.04,26.66,6.21,0,1,76,15.8429447852761,1.61440360090022,3.8466217472119
"100",2014-04-10 12:55:00,2014-04-10 13:08:00,3.05,16.94,0.69,0,0,13,1.12269938650307,0.180047225501771,3.83232786885246
"101",2014-04-10 17:22:00,2014-04-10 17:46:00,18.09,27.1,2.58,0,0,24,6.65889570552147,0.667527675276753,3.86500829187396
"102",2014-04-10 17:49:00,2014-04-10 18:41:00,26.71,26.11,3.94,0,2,52,9.8319018404908,1.02297970126388,3.85149382253837
"103",2014-04-10 21:39:00,2014-04-10 22:25:00,21.15,25.16,3.23,0,1,46,7.78527607361963,0.840620031796502,3.84240189125296
"104",2014-04-16 08:39:00,2014-04-16 09:39:00,44.83,29.08,5.93,1,0,60,16.5018404907975,1.54160935350757,3.84662948918135
"105",2014-04-16 17:18:00,2014-04-16 18:25:00,45.32,28.88,6.03,1,0,67,16.6822085889571,1.56925207756233,3.84259488084731
"106",2014-04-17 09:17:00,2014-04-17 10:09:00,45,28.5,6.08,0,0,52,16.5644171779141,1.57894736842105,3.85066666666667
"107",2014-04-17 12:13:00,2014-04-17 12:27:00,3.06,18.02,0.65,0,0,14,1.12638036809816,0.169811320754717,3.82777777777778
"108",2014-04-17 18:17:00,2014-04-17 19:24:00,44.92,27.97,6.19,1,0,67,16.5349693251534,1.60600643546657,3.85428094390027
"109",2014-04-18 07:41:00,2014-04-18 08:33:00,43.16,28.88,5.77,1,0,52,15.8871165644172,1.49445983379501,3.86092678405931
"110",2014-04-18 12:31:00,2014-04-18 12:33:00,0.41,10.56,0.15,0,0,2,0.150920245398773,0.0388257575757576,3.86341463414634
"111",2014-04-18 12:37:00,2014-04-18 12:41:00,0.95,18.18,0.2,0,0,4,0.349693251533742,0.0522552255225523,3.82736842105263
"112",2014-04-18 15:26:00,2014-04-18 16:24:00,44.78,29.16,5.93,0,0,58,16.4834355828221,1.53566529492455,3.86151853506029
"113",2014-04-20 07:45:00,2014-04-20 08:47:00,29.29,24.51,4.64,0,0,62,10.7815950920245,1.19502243982048,3.88277227722772
"114",2014-04-20 08:51:00,2014-04-20 09:05:00,3.21,18.43,0.67,0,0,14,1.18159509202454,0.174172544763972,3.84676012461059
"115",2014-04-20 15:23:00,2014-04-20 16:03:00,22.34,25.17,3.43,1,0,40,8.22331288343558,0.8875645609853,3.86450760966876
"116",2014-04-20 17:21:00,2014-04-20 17:24:00,0.26,11.4,0.09,0,0,3,0.0957055214723926,0.0228070175438597,3.94615384615385
"117",2014-04-20 17:29:00,2014-04-20 17:49:00,11.62,28.13,1.59,0,0,20,4.27730061349693,0.413082118734447,3.84911359724613
"118",2014-04-20 19:19:00,2014-04-20 20:02:00,20.3,24.97,3.21,0,0,43,7.47239263803681,0.812975570684822,3.94845812807882
"119",2014-04-21 09:14:00,2014-04-21 10:13:00,46.82,29,6.3,0,0,59,17.2343558282209,1.61448275862069,3.90217855617258
"120",2014-04-21 12:50:00,2014-04-21 13:01:00,5.08,27.39,0.71,0,0,11,1.86993865030675,0.185469149324571,3.82812992125984
"121",2014-04-21 13:35:00,2014-04-21 13:47:00,3.76,19.79,0.73,0,0,12,1.3840490797546,0.1899949469429,3.84220744680851
"122",2014-04-21 17:17:00,2014-04-21 18:23:00,45.1,28.77,6.12,1,1,66,16.601226993865,1.56760514424748,3.904044345898
"123",2014-04-22 08:36:00,2014-04-22 09:29:00,44.97,31.08,5.66,0,0,53,16.5533742331288,1.4469111969112,3.91178118745831
"124",2014-04-22 12:31:00,2014-04-22 12:34:00,0.42,9.83,0.17,0,0,3,0.154601226993865,0.0427263479145473,3.97880952380952
"125",2014-04-22 12:43:00,2014-04-22 12:51:00,2.8,22.44,0.49,0,0,8,1.03067484662577,0.124777183600713,3.927
"126",2014-04-22 15:05:00,2014-04-22 16:00:00,42.24,30.36,5.44,1,2,55,15.5484662576687,1.39130434782609,3.91
"127",2014-04-23 21:07:00,2014-04-23 21:50:00,21.08,24.42,3.39,3,2,43,7.75950920245399,0.863226863226863,3.92712523719165
"128",2014-04-24 09:05:00,2014-04-24 10:01:00,43.06,30.12,5.61,0,0,56,15.8503067484663,1.42961487383798,3.92413376683697
"129",2014-04-24 12:58:00,2014-04-24 13:15:00,3.21,15.96,0.79,0,0,17,1.18159509202454,0.201127819548872,3.92785046728972
"130",2014-04-24 17:58:00,2014-04-24 19:03:00,44.73,29.45,5.96,1,1,65,16.4650306748466,1.5188455008489,3.92403308741337
"131",2014-04-25 07:50:00,2014-04-25 07:55:00,0.87,9.5,0.36,0,0,5,0.320245398773006,0.0915789473684211,3.93103448275862
"132",2014-04-25 07:58:00,2014-04-25 08:57:00,42.31,28.71,5.78,0,0,59,15.5742331288344,1.47370254266806,3.92209406759631
"133",2014-04-25 12:43:00,2014-04-25 12:57:00,4.85,22.15,0.85,0,0,14,1.78527607361963,0.218961625282167,3.8819587628866
"134",2014-04-25 13:29:00,2014-04-25 13:40:00,4.67,25.84,0.7,0,0,11,1.71901840490798,0.180727554179567,3.87323340471092
"135",2014-04-25 17:32:00,2014-04-25 18:44:00,44.81,26.97,6.53,4,1,72,16.4944785276074,1.66147571375603,3.93024101762999
"136",2014-06-09 10:17:00,2014-06-09 10:37:00,12.28,28.3,1.77,0,0,20,4.52024539877301,0.433922261484099,4.07907166123779
"137",2014-06-09 10:41:00,2014-06-09 11:14:00,26.18,30.72,3.29,0,0,33,9.63680981595092,0.852213541666667,3.86053475935829
"138",2014-06-09 13:39:00,2014-06-09 13:56:00,0.27,3.09,0.34,0,0,17,0.0993865030674847,0.087378640776699,3.89111111111111
"139",2014-06-09 18:20:00,2014-06-09 19:11:00,43.31,30.05,5.72,0,0,51,15.9423312883436,1.44126455906822,3.96873701223736
"140",2014-06-10 08:06:00,2014-06-10 08:12:00,0.79,8.91,0.36,0,0,6,0.29079754601227,0.0886644219977553,4.06025316455696
"141",2014-06-10 08:16:00,2014-06-10 09:21:00,42.23,27.23,6.24,0,0,65,15.5447852760736,1.55086301872934,4.02356618517642
"142",2014-06-10 12:21:00,2014-06-10 12:42:00,3.07,13.07,0.93,0,0,21,1.13006134969325,0.234889058913542,3.95931596091205
"143",2014-06-10 18:13:00,2014-06-10 19:06:00,43.15,27.19,6.29,0,1,53,15.8834355828221,1.58698050753954,3.96350173812283
"144",2014-06-11 09:03:00,2014-06-11 09:58:00,45.35,29.54,6.1,0,0,55,16.6932515337423,1.53520649966148,3.97340683572216
"145",2014-06-11 12:36:00,2014-06-11 12:57:00,3.06,14.83,0.82,0,0,21,1.12638036809816,0.20633850303439,3.9740522875817
"146",2014-06-11 17:42:00,2014-06-11 18:51:00,44.66,26.83,6.61,0,1,69,16.439263803681,1.66455460305628,3.97103224361845
"147",2014-06-12 08:56:00,2014-06-12 09:52:00,43.74,28.17,6.16,1,0,56,16.1006134969325,1.55271565495208,3.96724279835391
"148",2014-06-12 12:24:00,2014-06-12 12:34:00,5.05,23.24,0.86,0,0,10,1.85889570552147,0.217297762478485,3.95770297029703
"149",2014-06-12 13:20:00,2014-06-12 13:25:00,1.25,13.75,0.36,0,0,5,0.460122699386503,0.0909090909090909,3.96
"150",2014-06-12 13:27:00,2014-06-12 13:35:00,2.53,19.8,0.51,0,0,8,0.931288343558282,0.127777777777778,3.99130434782609
"151",2014-06-12 18:44:00,2014-06-12 19:32:00,42.02,28.85,5.77,0,0,48,15.4674846625767,1.45649913344887,3.96155402189434
"152",2014-06-13 09:02:00,2014-06-13 10:08:00,43.06,27.83,6.13,0,0,66,15.8503067484663,1.54725116780453,3.96186483975848
"153",2014-06-13 15:15:00,2014-06-13 15:38:00,18.71,24.61,3.1,0,0,23,6.88711656441718,0.760260056887444,4.0775521111705
"154",2014-06-13 17:17:00,2014-06-13 18:04:00,27.27,23.71,4.61,3,0,47,10.038036809816,1.15014761703922,4.00818115144848
"155",2014-06-14 07:54:00,2014-06-14 08:07:00,1.38,9.64,0.57,0,0,13,0.507975460122699,0.143153526970954,3.98173913043478
"156",2014-06-14 08:10:00,2014-06-14 09:55:00,70.36,25.63,10.15,2,0,105,25.8993865030675,2.74522044479126,3.69733513359864
"157",2014-06-14 10:08:00,2014-06-14 11:04:00,63.17,30.33,7.95,0,0,56,23.2527607361963,2.0827563468513,3.81705714738009
"158",2014-06-14 11:14:00,2014-06-14 12:10:00,54.12,28.87,7.11,0,0,56,19.921472392638,1.8746103221337,3.79278824833703
"159",2014-06-14 13:14:00,2014-06-14 13:18:00,1.81,23.49,0.29,0,0,4,0.666257668711656,0.0770540655598127,3.76359116022099
"160",2014-06-14 13:32:00,2014-06-14 13:37:00,1.85,23.22,0.3,0,0,5,0.680981595092025,0.0796726959517657,3.76540540540541
"161",2014-06-15 11:00:00,2014-06-15 11:13:00,4.08,17.57,0.9,0,0,13,1.50184049079755,0.232214001138304,3.87573529411765
"162",2014-06-15 15:50:00,2014-06-15 15:56:00,2.92,24.81,0.48,0,0,6,1.07484662576687,0.117694478033051,4.07835616438356
"163",2014-06-15 15:59:00,2014-06-15 16:08:00,1.3,13.52,0.39,0,0,9,0.478527607361963,0.0961538461538462,4.056
"164",2014-06-15 17:39:00,2014-06-15 18:17:00,10.41,19.25,2.18,1,1,38,3.8319018404908,0.540779220779221,4.0312199807877
"165",2014-06-15 20:08:00,2014-06-15 20:32:00,7.49,22.93,1.32,0,0,24,2.75705521472393,0.326646314871348,4.04106809078772
"166",2014-06-16 09:25:00,2014-06-16 10:23:00,44.43,27.79,6.34,0,0,58,16.3546012269939,1.59877653832314,3.96553229799685
"167",2014-06-16 14:25:00,2014-06-16 14:44:00,3.07,16.65,0.73,0,0,19,1.13006134969325,0.184384384384384,3.95912052117264
"168",2014-06-16 17:59:00,2014-06-16 19:04:00,42.15,27.27,6.13,0,0,65,15.5153374233129,1.54565456545655,3.96595729537367
"169",2014-06-17 09:03:00,2014-06-17 10:02:00,43.04,27.22,6.28,1,0,59,15.8429447852761,1.58119030124908,3.97169144981413
"170",2014-07-10 09:25:00,2014-07-10 10:15:00,42.69,27.54,6.25,2,0,50,15.7141104294479,1.55010893246187,4.03197470133521
"172",2014-07-10 10:15:00,2014-07-10 10:16:00,0.25,19.79,0.05,0,0,1,0.0920245398773006,0.0126326427488631,3.958
"171",2014-07-10 13:49:00,2014-07-10 13:54:00,1.5,20.68,0.29,0,0,5,0.552147239263804,0.0725338491295938,3.99813333333333
"173",2014-07-10 13:59:00,2014-07-10 14:04:00,1.59,17.67,0.36,0,0,5,0.585276073619632,0.0899830220713073,4.00075471698113
"174",2014-07-10 17:03:00,2014-07-10 18:26:00,44.71,23.28,7.74,1,1,83,16.4576687116564,1.92053264604811,4.03013196152986
"175",2014-07-14 08:56:00,2014-07-14 09:54:00,43.04,28.48,6.06,1,0,58,15.8429447852761,1.51123595505618,4.00996282527881
"176",2014-07-14 14:52:00,2014-07-14 14:54:00,0.4,13.97,0.11,0,0,2,0.147239263803681,0.0286327845382963,3.84175
"177",2014-07-14 14:58:00,2014-07-14 15:01:00,0.98,18.8,0.21,0,0,3,0.360736196319018,0.0521276595744681,4.02857142857143
"178",2014-07-14 17:58:00,2014-07-14 19:01:00,43.63,27.91,6.29,0,0,63,16.0601226993865,1.56323898244357,4.0236969974788
"179",2014-07-14 19:04:00,2014-07-14 19:05:00,0.15,10.9,0.06,0,0,1,0.0552147239263804,0.0137614678899083,4.36
"180",2014-07-15 10:00:00,2014-07-15 10:52:00,41.67,28.73,5.8,1,0,52,15.3386503067485,1.45040027845458,3.99889608831293
"181",2014-07-15 14:24:00,2014-07-15 14:33:00,3.65,18.9,0.78,0,0,9,1.34355828220859,0.193121693121693,4.03890410958904
"182",2014-07-15 15:27:00,2014-07-15 15:38:00,3.92,18.47,0.85,0,0,11,1.44294478527607,0.2122360584732,4.00497448979592
"183",2014-07-15 18:25:00,2014-07-15 19:25:00,43.18,28.22,6.12,1,0,60,15.8944785276074,1.53012048192771,3.99968503937008
"184",2014-07-16 10:07:00,2014-07-16 10:36:00,17.66,25.62,2.81,0,0,29,6.50061349693252,0.689305230288837,4.07656851642129
"185",2014-07-16 10:39:00,2014-07-16 11:05:00,24.07,29.36,3.3,1,0,26,8.8601226993865,0.819822888283379,4.02525965932696
"186",2014-07-16 14:07:00,2014-07-16 14:18:00,4.95,20.91,0.95,0,0,11,1.82208588957055,0.236728837876614,4.0130303030303
"187",2014-07-16 15:02:00,2014-07-16 15:13:00,4.71,21.53,0.88,0,0,11,1.73374233128834,0.218764514630748,4.02259023354565
"188",2014-07-16 18:46:00,2014-07-16 19:42:00,43.89,28.28,6.2,0,0,56,16.1558282208589,1.5519801980198,3.99489633173844
"189",2014-07-17 08:42:00,2014-07-17 09:53:00,42.98,25.29,6.76,2,1,71,15.8208588957055,1.69948596283116,3.97767333643555
"190",2014-07-17 13:53:00,2014-07-17 14:11:00,3.11,14.22,0.88,0,0,18,1.14478527607362,0.218706047819972,4.02366559485531
"191",2014-07-17 18:59:00,2014-07-17 19:57:00,43.3,27.6,6.24,0,0,58,15.9386503067485,1.56884057971014,3.97745958429561
"192",2014-07-17 22:14:00,2014-07-17 23:04:00,21.24,23.35,3.66,1,0,50,7.81840490797546,0.909635974304068,4.02358757062147
"193",2014-07-19 11:39:00,2014-07-19 12:39:00,43.86,25.83,6.86,2,0,60,16.1447852760736,1.69802555168409,4.03998632010944
"194",2014-07-19 20:13:00,2014-07-19 21:07:00,39.08,28.72,5.49,0,0,54,14.3852760736196,1.36072423398329,4.03461617195496
"195",2014-07-21 09:21:00,2014-07-21 10:15:00,44.93,28.81,6.2,0,0,54,16.5386503067485,1.55952794168691,3.97556198531048
"196",2014-07-21 14:58:00,2014-07-21 15:34:00,5.92,16.38,1.45,0,0,36,2.17914110429448,0.361416361416361,4.01199324324324
"197",2014-07-21 18:11:00,2014-07-21 18:15:00,1.24,16.78,0.3,0,0,4,0.456441717791411,0.0738974970202622,4.05967741935484
"198",2014-07-21 18:19:00,2014-07-21 19:12:00,42.88,27.68,6.22,1,0,53,15.7840490797546,1.54913294797688,4.01514925373134
"199",2014-07-22 10:21:00,2014-07-22 11:19:00,42.19,26.28,6.39,2,0,58,15.5300613496933,1.60540334855403,3.9803081298886
"200",2014-07-22 14:23:00,2014-07-22 14:56:00,5.24,12.41,1.68,0,1,33,1.92883435582822,0.422240128928284,3.9787786259542
"201",2014-07-22 15:02:00,2014-07-22 15:04:00,0.41,14.62,0.11,0,0,2,0.150920245398773,0.0280437756497948,3.92243902439024
"202",2014-07-22 18:35:00,2014-07-22 19:33:00,43.2,27.19,6.29,1,0,58,15.9018404907975,1.58881941890401,3.95891435185185
"203",2014-07-23 08:57:00,2014-07-23 10:00:00,43.38,25.51,6.73,1,0,63,15.9680981595092,1.70050960407683,3.95763715998156
"204",2014-07-23 14:40:00,2014-07-23 14:53:00,2.61,13.47,0.75,1,0,13,0.960736196319018,0.193763919821826,3.87068965517241
"205",2014-07-23 14:58:00,2014-07-23 15:00:00,0.16,8.28,0.08,0,0,2,0.0588957055214724,0.0193236714975845,4.14
"206",2014-07-23 15:04:00,2014-07-23 15:11:00,1.83,16.72,0.43,0,0,7,0.67361963190184,0.10944976076555,3.92874316939891
"207",2014-07-23 19:27:00,2014-07-23 20:17:00,43.23,28.62,5.98,1,0,50,15.9128834355828,1.5104821802935,3.95900069396253
"208",2014-07-24 08:41:00,2014-07-24 09:35:00,39.36,27.41,5.76,0,0,54,14.4883435582822,1.4359722728931,4.01121951219512
"209",2014-07-24 09:38:00,2014-07-24 09:48:00,3.76,23.25,0.73,0,0,10,1.3840490797546,0.161720430107527,4.51396276595745
"210",2014-07-24 19:38:00,2014-07-24 21:19:00,51.44,25.95,7.83,0,0,101,18.9349693251534,1.98227360308285,3.95000972006221
"211",2014-07-25 08:50:00,2014-07-25 09:05:00,7.26,23.28,1.25,0,0,15,2.67239263803681,0.311855670103093,4.00826446280992
"212",2014-07-25 09:09:00,2014-07-25 10:01:00,35.62,27.42,5.19,1,0,52,13.1116564417178,1.29905178701678,3.99522178551376
"213",2014-07-25 14:17:00,2014-07-25 14:35:00,3.13,15.85,0.79,0,1,18,1.1521472392638,0.197476340694006,4.00047923322684
"214",2014-07-25 17:55:00,2014-07-25 19:22:00,48.55,24.03,7.97,2,0,87,17.8711656441718,2.02039117769455,3.94478063851699
"215",2014-07-28 09:00:00,2014-07-28 10:03:00,43.14,28.7,5.91,0,0,63,15.879754601227,1.50313588850174,3.93178025034771
"216",2014-07-28 18:38:00,2014-07-28 19:33:00,43.74,26.9,6.39,0,0,55,16.1006134969325,1.62602230483271,3.9298353909465
"219",2014-07-29 09:50:00,2014-07-29 09:51:00,0.35,23.55,0.06,0,0,1,0.128834355828221,0.0148619957537155,4.03714285714286
"217",2014-07-29 13:09:00,2014-07-29 13:13:00,1.29,18.09,0.27,0,0,4,0.474846625766871,0.0713101160862355,3.78627906976744
"218",2014-07-29 13:19:00,2014-07-29 13:30:00,2.32,16.46,0.54,0,0,11,0.85398773006135,0.140947752126367,3.83120689655173
"220",2014-07-29 13:50:00,2014-07-29 14:06:00,1.17,8.04,0.58,0,0,16,0.430674846625767,0.145522388059701,3.98564102564103
"221",2014-07-29 14:12:00,2014-07-29 14:19:00,1.67,18.37,0.35,0,0,7,0.614723926380368,0.0909090909090909,3.85
"222",2014-07-29 14:29:00,2014-07-29 14:34:00,0.96,17.15,0.22,0,0,5,0.353374233128834,0.0559766763848396,3.93020833333333
"223",2014-07-29 18:48:00,2014-07-29 19:05:00,4.87,20.15,0.94,0,0,17,1.79263803680982,0.241687344913151,3.88932238193018
"224",2014-07-29 21:12:00,2014-07-29 22:35:00,49.03,26.66,7.22,2,2,83,18.0478527607362,1.8390847711928,3.92586579645115
"225",2014-07-30 08:55:00,2014-07-30 09:55:00,43.14,28.62,5.91,2,0,60,15.879754601227,1.50733752620545,3.92082058414465
"226",2014-07-30 18:07:00,2014-07-30 18:36:00,15.94,23.67,2.71,0,0,29,5.86748466257669,0.673426277989016,4.02419698870765
"227",2014-07-30 18:39:00,2014-07-30 19:32:00,26.25,24.51,4.23,0,0,53,9.66257668711656,1.07099143206854,3.94961142857143
"228",2014-07-30 22:24:00,2014-07-30 22:47:00,6.07,17.86,1.33,0,0,23,2.23435582822086,0.33986562150056,3.91331136738056
"229",2014-07-31 09:17:00,2014-07-31 10:12:00,45.03,29.31,6,2,0,55,16.5754601226994,1.53633572159672,3.9053964023984
"230",2014-07-31 14:05:00,2014-07-31 14:41:00,9.4,16.73,2.15,2,0,36,3.4601226993865,0.561864913329349,3.82654255319149
"231",2014-07-31 15:21:00,2014-07-31 15:25:00,1.55,24.92,0.24,0,0,4,0.570552147239264,0.062199036918138,3.85858064516129
"232",2014-07-31 15:30:00,2014-07-31 15:32:00,0.41,14.97,0.11,0,0,2,0.150920245398773,0.0273881095524382,4.01634146341463
"233",2014-07-31 17:43:00,2014-07-31 19:01:00,45.24,25.24,6.99,2,0,78,16.6527607361963,1.79239302694136,3.89981432360743
"235",2014-08-01 09:53:00,2014-08-01 09:54:00,0.14,23.09,0.02,0,0,1,0.0515337423312883,0.00606323083585968,3.29857142857143
"234",2014-08-01 11:56:00,2014-08-01 12:07:00,3.28,17.39,0.75,1,0,11,1.20736196319018,0.188614146060955,3.97637195121951
"236",2014-08-01 13:54:00,2014-08-01 14:20:00,6.94,18.07,1.51,0,0,26,2.55460122699387,0.384061981184283,3.93165706051873
"237",2014-08-01 17:32:00,2014-08-01 18:44:00,45.6,25.92,6.85,1,0,72,16.7852760736196,1.75925925925926,3.89368421052632
"239",2014-08-01 20:19:00,2014-08-01 20:20:00,0.08,9.07,0.03,0,0,1,0.0294478527607362,0.00882028665931643,3.40125
"238",2014-08-01 21:47:00,2014-08-01 22:05:00,7.39,25.94,1.13,0,0,18,2.72024539877301,0.284888203546646,3.96646820027064
"240",2014-08-04 09:02:00,2014-08-04 09:58:00,45.39,30.5,5.76,0,0,56,16.7079754601227,1.48819672131148,3.87045604758757
"241",2014-08-04 11:59:00,2014-08-04 12:08:00,3.53,21.39,0.64,0,0,9,1.29938650306748,0.165030388031791,3.87807365439094
"242",2014-08-04 13:23:00,2014-08-04 13:33:00,3.86,20.05,0.75,0,0,10,1.42085889570552,0.192518703241895,3.89572538860104
"243",2014-08-04 18:29:00,2014-08-04 18:45:00,4.33,16.01,1.07,0,0,16,1.59386503067485,0.270455965021861,3.95628175519631
"244",2014-08-04 19:48:00,2014-08-04 20:02:00,3.97,18.31,0.86,0,0,14,1.46134969325153,0.216821409066084,3.96639798488665
"245",2014-08-04 20:04:00,2014-08-04 20:46:00,37,30.58,4.76,0,0,42,13.6196319018405,1.20994113799869,3.93407567567568
"246",2014-08-05 08:53:00,2014-08-05 09:52:00,43.15,27.87,5.98,2,0,59,15.8834355828221,1.54825977753857,3.86240092699884
"247",2014-08-05 12:33:00,2014-08-05 12:35:00,0.41,13.84,0.12,0,0,2,0.150920245398773,0.0296242774566474,4.05073170731707
"248",2014-08-05 20:31:00,2014-08-05 20:50:00,7.34,20.25,1.42,0,0,19,2.70184049079755,0.362469135802469,3.91757493188011
"249",2014-08-06 06:54:00,2014-08-06 08:15:00,73.17,30.35,8.47,2,0,81,26.9337423312883,2.41087314662273,3.51324996583299
"250",2014-08-06 08:20:00,2014-08-06 08:57:00,31.19,29.7,3.7,0,0,37,11.480981595092,1.05016835016835,3.523244629689
"251",2014-08-06 09:00:00,2014-08-06 09:06:00,1.45,16.28,0.32,0,0,6,0.533742331288343,0.0890663390663391,3.5928275862069
"252",2014-08-06 18:18:00,2014-08-06 18:30:00,2.46,13.75,0.62,0,0,12,0.905521472392638,0.178909090909091,3.46544715447154
"253",2014-08-06 20:07:00,2014-08-06 21:55:00,103.33,31.48,11.52,0,0,108,38.0355828220859,3.28240152477764,3.50962547178941
"254",2014-08-07 09:55:00,2014-08-07 09:57:00,0.28,16.84,0.07,0,0,2,0.103067484662577,0.0166270783847981,4.21
"255",2014-08-07 12:44:00,2014-08-07 12:56:00,3.97,20.14,0.78,1,0,12,1.46134969325153,0.197120158887786,3.95697732997481
"256",2014-08-07 13:31:00,2014-08-07 13:47:00,5.21,19.43,1.06,1,0,16,1.91779141104294,0.268142048378796,3.95312859884837
"257",2014-08-07 13:50:00,2014-08-07 14:01:00,4.46,23,0.77,2,0,11,1.64171779141104,0.193913043478261,3.97085201793722
"258",2014-08-07 19:28:00,2014-08-07 20:23:00,41.92,28.2,5.72,0,1,55,15.4306748466258,1.48652482269504,3.84790076335878
"259",2014-08-08 07:39:00,2014-08-08 08:35:00,43.17,29.24,5.69,0,0,56,15.8907975460123,1.47640218878249,3.85396340050961
"260",2014-08-08 11:45:00,2014-08-08 13:01:00,48.88,26.61,7.08,1,0,76,17.9926380368098,1.83690341976701,3.85431260229133
"261",2014-08-09 16:44:00,2014-08-09 17:09:00,9.75,19.39,1.94,0,0,25,3.58895705521472,0.502836513666839,3.85811282051282
"262",2014-08-09 20:56:00,2014-08-09 21:22:00,11.25,21.08,2.06,3,0,26,4.14110429447853,0.533681214421252,3.85998222222222
"263",2014-08-10 15:42:00,2014-08-10 16:12:00,9.97,18.96,2.03,1,0,30,3.66993865030675,0.52584388185654,3.86046138415246
"264",2014-08-10 20:26:00,2014-08-10 20:55:00,10.73,20.59,2.01,0,0,29,3.94969325153374,0.52112676056338,3.85702702702703
"265",2014-08-11 09:07:00,2014-08-11 10:06:00,43.16,27.05,6.13,1,0,59,15.8871165644172,1.59556377079482,3.84190222428174
"266",2014-08-11 14:50:00,2014-08-11 14:53:00,0.4,9.97,0.16,0,0,3,0.147239263803681,0.0401203610832497,3.988
"267",2014-08-11 14:58:00,2014-08-11 15:00:00,0.4,15.68,0.1,0,0,2,0.147239263803681,0.0255102040816327,3.92
"268",2014-08-11 18:13:00,2014-08-11 19:11:00,41.32,27.28,5.82,1,0,58,15.2098159509202,1.51466275659824,3.84243949661181
"269",2014-08-11 21:15:00,2014-08-11 21:28:00,2.18,12.57,0.67,0,0,13,0.802453987730061,0.173428798727128,3.86325688073394
"270",2014-08-12 20:42:00,2014-08-12 20:45:00,0.14,5.12,0.09,0,0,3,0.0515337423312883,0.02734375,3.29142857142857
"271",2014-08-12 20:45:00,2014-08-12 21:26:00,30.43,27.6,3.79,0,0,41,11.201226993865,1.10253623188406,3.43752875451857
"272",2014-08-13 06:53:00,2014-08-13 06:55:00,0.11,4.02,0.11,0,0,2,0.0404907975460123,0.027363184079602,4.02
"273",2014-08-13 07:01:00,2014-08-13 07:48:00,28.89,25.6,3.82,1,0,47,10.6343558282209,1.128515625,3.38497750086535
"274",2014-08-13 13:37:00,2014-08-13 14:18:00,27.91,26.79,3.53,1,0,41,10.2736196319018,1.04180664427025,3.38834467932641
"275",2014-08-14 09:13:00,2014-08-14 10:13:00,43.19,28.12,5.87,2,0,60,15.8981595092025,1.53591749644381,3.82181986570966
"276",2014-08-14 18:38:00,2014-08-14 19:53:00,45.75,25.91,6.74,2,0,75,16.840490797546,1.76572751833269,3.81712349726776
"277",2014-08-15 08:38:00,2014-08-15 09:36:00,43.19,28.06,5.98,0,0,58,15.8981595092025,1.5392017106201,3.88513081731882
"278",2014-08-15 13:47:00,2014-08-15 13:49:00,0.41,14.17,0.11,0,0,2,0.150920245398773,0.0289343683839097,3.80170731707317
"279",2014-08-15 13:59:00,2014-08-15 14:03:00,0.96,19.94,0.19,0,0,4,0.353374233128834,0.0481444332998997,3.94645833333333
"280",2014-08-15 20:07:00,2014-08-15 21:15:00,46.01,28.05,6.26,2,1,68,16.9361963190184,1.64028520499109,3.81640947620083
"281",2014-08-16 11:24:00,2014-08-16 11:31:00,0.85,9.79,0.33,0,0,7,0.312883435582822,0.0868232890704801,3.80082352941176
"282",2014-08-17 10:45:00,2014-08-17 11:31:00,17.33,19.43,3.47,0,0,46,6.37914110429448,0.891919711785898,3.89048470859781
"283",2014-08-17 12:15:00,2014-08-17 12:50:00,15.34,22.49,2.61,0,0,35,5.64662576687117,0.682080924855491,3.82652542372881
"284",2014-08-17 17:07:00,2014-08-17 17:42:00,8.34,14.88,2.1,0,0,35,3.06993865030675,0.560483870967742,3.74676258992806
"285",2014-08-17 19:35:00,2014-08-17 19:59:00,8.9,20.01,1.7,0,0,24,3.2760736196319,0.444777611194403,3.82213483146067
"286",2014-08-18 09:36:00,2014-08-18 09:54:00,11.15,25.27,1.7,1,0,18,4.10429447852761,0.441234665611397,3.85282511210762
"287",2014-08-18 09:57:00,2014-08-18 10:33:00,33.91,30.37,4.23,0,0,36,12.4822085889571,1.1165623971024,3.78841344736066
"289",2014-08-18 13:11:00,2014-08-18 13:13:00,0.42,15.95,0.1,0,0,2,0.154601226993865,0.0263322884012539,3.79761904761905
"288",2014-08-18 13:18:00,2014-08-18 13:22:00,0.97,21.2,0.18,0,0,4,0.357055214723926,0.0457547169811321,3.9340206185567
"290",2014-08-18 19:45:00,2014-08-18 20:38:00,43.94,29.03,5.74,0,0,53,16.1742331288344,1.51360661384774,3.79226672735549
"291",2014-08-19 10:08:00,2014-08-19 10:58:00,41.81,29.02,5.46,0,0,50,15.3901840490798,1.4407305306685,3.78974408036355
"292",2014-08-19 13:29:00,2014-08-19 13:31:00,0.4,14.35,0.11,0,0,2,0.147239263803681,0.0278745644599303,3.94625
"294",2014-08-19 13:38:00,2014-08-19 13:39:00,0.37,21.82,0.07,0,0,1,0.136196319018405,0.0169569202566453,4.12810810810811
"293",2014-08-19 19:52:00,2014-08-19 20:37:00,36.94,29.72,4.74,1,0,45,13.5975460122699,1.24293405114401,3.81355711965349
"295",2014-08-19 20:42:00,2014-08-19 21:00:00,7.46,22.91,1.25,0,0,18,2.74601226993865,0.325621999127019,3.83880697050938
"296",2014-08-21 09:33:00,2014-08-21 10:19:00,44.22,30.01,5.57,0,0,46,16.2773006134969,1.47350883038987,3.78009271822705
"297",2014-08-21 12:55:00,2014-08-21 13:14:00,3.14,15.09,0.79,0,0,19,1.1558282208589,0.208084824387011,3.79652866242038
"298",2014-08-21 18:24:00,2014-08-21 19:22:00,43.31,28.38,5.77,1,1,58,15.9423312883436,1.52607470049331,3.78094204571692
"299",2014-08-22 11:29:00,2014-08-22 13:44:00,77.15,25.45,10.66,2,1,135,28.398773006135,3.03143418467584,3.51648736228127
"300",2014-08-22 14:00:00,2014-08-22 14:02:00,0.09,6.41,0.05,0,0,2,0.0331288343558282,0.0140405616224649,3.56111111111111
"301",2014-08-22 14:05:00,2014-08-22 16:31:00,120.06,29.32,14.99,0,0,146,44.1938650306748,4.09481582537517,3.66072630351491
"302",2014-08-24 11:37:00,2014-08-24 13:38:00,111.15,29.97,13.54,0,0,121,40.9141104294479,3.70870870870871,3.65086639676113
"303",2014-08-24 13:47:00,2014-08-24 15:58:00,94.59,28.28,12.83,0,0,131,34.8184049079755,3.34476661951909,3.83584311237974
"304",2014-08-24 18:05:00,2014-08-24 18:25:00,7.62,20.12,1.44,0,0,20,2.80490797546012,0.378727634194831,3.80220472440945
"305",2014-08-25 10:54:00,2014-08-25 11:46:00,41.69,28.39,5.54,0,0,52,15.3460122699387,1.46847481507573,3.77262173183018
"306",2014-08-25 14:08:00,2014-08-25 14:10:00,0.4,15.52,0.1,0,0,2,0.147239263803681,0.0257731958762887,3.88
"307",2014-08-25 14:16:00,2014-08-25 14:18:00,0.44,16.12,0.1,0,0,2,0.161963190184049,0.0272952853598015,3.66363636363636
"308",2014-08-25 14:21:00,2014-08-25 14:28:00,2.43,23.04,0.4,0,0,7,0.894478527607362,0.10546875,3.79259259259259
"309",2014-08-25 19:36:00,2014-08-25 20:27:00,41.87,28.6,5.52,0,0,51,15.4122699386503,1.46398601398601,3.77052782421782
"310",2014-08-26 09:50:00,2014-08-26 10:44:00,43.42,27.36,5.98,0,0,54,15.9828220858896,1.58698830409357,3.76814371257485
"311",2014-08-26 13:48:00,2014-08-26 13:50:00,0.25,11.94,0.08,0,0,2,0.0920245398773006,0.0209380234505863,3.8208
"312",2014-08-26 13:57:00,2014-08-26 14:00:00,0.96,15.26,0.24,0,0,3,0.353374233128834,0.0629095674967235,3.815
"313",2014-08-26 17:53:00,2014-08-26 19:21:00,43.34,23.56,6.93,0,0,88,15.9533742331288,1.83955857385399,3.76720812182741
"314",2014-08-27 10:06:00,2014-08-27 10:07:00,0.09,14.51,0.02,0,0,1,0.0331288343558282,0.0062026188835286,3.22444444444444
"315",2014-08-27 14:55:00,2014-08-27 14:57:00,0.18,12,0.06,0,0,2,0.0662576687116564,0.015,4
"316",2014-08-27 15:01:00,2014-08-27 15:03:00,0.4,15.15,0.1,0,0,2,0.147239263803681,0.0264026402640264,3.7875
"317",2014-08-27 18:17:00,2014-08-27 19:31:00,44.65,24.93,6.74,0,0,74,16.4355828220859,1.79101484155636,3.76322956326988
"318",2014-08-28 10:58:00,2014-08-28 11:05:00,1,10.29,0.36,1,0,7,0.368098159509202,0.0971817298347911,3.7044
"319",2014-08-28 11:14:00,2014-08-28 11:24:00,1.36,11.23,0.45,1,0,10,0.500613496932515,0.121104185218166,3.71580882352941
"320",2014-08-29 07:28:00,2014-08-29 08:23:00,43.1,28.65,5.66,0,0,55,15.8650306748466,1.5043630017452,3.76238979118329
"321",2014-08-29 13:45:00,2014-08-29 13:58:00,3.08,18.47,0.63,0,0,13,1.13374233128834,0.166756903086086,3.77795454545454
"322",2014-08-29 15:29:00,2014-08-29 16:34:00,44.66,27.5,6.11,2,1,65,16.439263803681,1.624,3.76231527093596
"323",2014-08-30 13:34:00,2014-08-30 14:03:00,6.23,13.71,1.71,1,0,29,2.29325153374233,0.454412837345004,3.76309791332263
"324",2014-08-30 14:53:00,2014-08-30 14:57:00,0.51,10.72,0.18,0,0,4,0.187730061349693,0.0475746268656716,3.78352941176471
"325",2014-08-30 15:00:00,2014-08-30 15:30:00,14.78,23.31,2.4,0,0,30,5.44049079754601,0.634062634062634,3.7851150202977
"326",2014-08-30 19:25:00,2014-08-30 19:42:00,7.98,23.73,1.28,0,0,17,2.93742331288344,0.336283185840708,3.80631578947368
"327",2014-08-30 20:06:00,2014-08-30 20:32:00,10.95,22.94,1.81,0,0,26,4.03067484662577,0.477332170880558,3.79190867579909
"328",2014-09-07 14:21:00,2014-09-07 14:37:00,7.36,24.58,1.31,1,0,16,2.70920245398773,0.299430431244915,4.37497282608696
"329",2014-09-07 18:47:00,2014-09-07 19:17:00,11.35,22.39,1.92,0,0,30,4.17791411042945,0.506922733363108,3.78755947136564
"330",2014-09-08 08:33:00,2014-09-08 09:49:00,43.18,25.9,6.28,1,0,76,15.8944785276074,1.66718146718147,3.76683649837888
"331",2014-09-08 14:31:00,2014-09-08 14:33:00,0.42,12.36,0.13,0,0,2,0.154601226993865,0.0339805825242718,3.82571428571429
"332",2014-09-08 14:38:00,2014-09-08 14:42:00,0.96,20.44,0.18,0,0,4,0.353374233128834,0.0469667318982387,3.8325
"333",2014-09-08 19:10:00,2014-09-08 20:04:00,42.03,30.87,5.13,1,0,54,15.4711656441718,1.36151603498542,3.76785867237687
"334",2014-09-09 15:11:00,2014-09-09 15:30:00,3.12,13.98,0.84,0,0,19,1.14846625766871,0.223175965665236,3.76384615384615
"335",2014-09-09 17:54:00,2014-09-09 18:55:00,43.18,28.41,5.72,1,1,61,15.8944785276074,1.51988736360436,3.76343677628532
"336",2014-09-09 21:18:00,2014-09-09 21:49:00,12.13,22.9,1.98,0,0,31,4.46503067484663,0.529694323144105,3.73800494641385
"337",2014-09-09 22:50:00,2014-09-09 23:12:00,11.01,24.79,1.66,1,0,22,4.05276073619632,0.444130697862041,3.73763851044505
"338",2014-09-10 08:34:00,2014-09-10 09:33:00,43.1,27.5,5.87,2,0,59,15.8650306748466,1.56727272727273,3.7453596287703
"340",2014-09-10 14:18:00,2014-09-10 14:19:00,0.41,14.46,0.11,0,0,1,0.150920245398773,0.0283540802213001,3.87951219512195
"339",2014-09-10 14:26:00,2014-09-10 14:41:00,2.85,17.81,0.65,0,0,15,1.04907975460123,0.160022459292532,4.0619298245614
"341",2014-09-10 17:16:00,2014-09-10 18:31:00,44.69,25.15,6.66,3,1,75,16.4503067484663,1.77693836978131,3.74801969120609
"342",2014-09-11 09:30:00,2014-09-11 10:21:00,43,29.08,5.53,0,0,51,15.8282208588957,1.47867950481431,3.73982325581395
"343",2014-09-11 14:00:00,2014-09-11 14:18:00,3.11,15.94,0.73,0,0,18,1.14478527607362,0.195106649937265,3.74154340836013
"344",2014-09-11 19:21:00,2014-09-11 20:16:00,41.95,28.16,5.6,0,0,55,15.441717791411,1.48970170454545,3.75914183551847
"345",2014-09-12 08:37:00,2014-09-12 10:00:00,49.99,27.06,6.9,1,0,83,18.401226993865,1.84737620103474,3.73502700540108
"346",2014-09-12 12:47:00,2014-09-12 12:58:00,3.11,19.59,0.6,1,0,11,1.14478527607362,0.158754466564574,3.77942122186495
"347",2014-09-12 16:42:00,2014-09-12 18:24:00,46.57,21.74,8,2,2,102,17.1423312883436,2.14213431462742,3.73459308567747
"348",2014-09-13 12:30:00,2014-09-13 14:06:00,88.32,30.64,9.79,2,0,96,32.5104294478528,2.88250652741514,3.39634963768116
"349",2014-09-13 14:12:00,2014-09-13 14:43:00,27.17,28.72,3.24,0,0,31,10.001226993865,0.946030640668524,3.42483621641516
"350",2014-09-13 14:50:00,2014-09-13 15:51:00,62.85,31.75,6.79,0,0,61,23.1349693251534,1.97952755905512,3.43011137629276
"351",2014-09-13 15:58:00,2014-09-13 17:07:00,66.01,31.52,7.12,0,0,69,24.2981595092025,2.09422588832487,3.39982426905014
"352",2014-09-13 17:20:00,2014-09-13 17:23:00,0.76,16.56,0.15,0,0,3,0.279754601226994,0.0458937198067633,3.26842105263158
"353",2014-09-13 17:28:00,2014-09-13 17:43:00,7.59,27.17,0.97,1,0,15,2.79386503067485,0.279352226720648,3.47231884057971
"354",2014-09-14 11:14:00,2014-09-14 11:33:00,9.58,26.39,1.24,0,0,19,3.52638036809816,0.363016294050777,3.41582463465553
"355",2014-09-14 14:18:00,2014-09-14 17:01:00,154.9,33.81,15.69,0,0,163,57.0184049079755,4.58148476782017,3.42465397030342
"356",2014-09-14 17:11:00,2014-09-14 19:05:00,89.19,30,10.31,3,1,114,32.8306748466258,2.973,3.46787756474941
"357",2014-09-14 19:23:00,2014-09-14 19:43:00,7.57,23.21,1.23,0,0,20,2.78650306748466,0.326152520465317,3.77124174372523
"358",2014-09-15 09:02:00,2014-09-15 10:14:00,47.8,27.28,6.53,0,0,72,17.5950920245399,1.75219941348974,3.72674476987448
"359",2014-09-15 14:24:00,2014-09-15 14:44:00,3.12,16.82,0.69,0,0,20,1.14846625766871,0.185493460166469,3.71980769230769
"360",2014-09-15 18:28:00,2014-09-15 19:23:00,43.18,29.56,5.44,0,0,55,15.8944785276074,1.46075778078484,3.72409448818898
"361",2014-09-17 09:08:00,2014-09-17 10:10:00,46.39,28.75,5.98,2,1,62,17.0760736196319,1.6135652173913,3.70607889631386
"362",2014-09-17 13:11:00,2014-09-17 13:13:00,0.4,16.89,0.09,0,0,2,0.147239263803681,0.0236826524570752,3.80025
"363",2014-09-17 13:17:00,2014-09-17 13:20:00,0.98,20.08,0.18,0,0,3,0.360736196319018,0.048804780876494,3.68816326530612
"364",2014-09-17 18:21:00,2014-09-17 19:41:00,42.79,26.55,5.97,1,0,80,15.7509202453988,1.61167608286252,3.70421827529797
"365",2014-09-18 09:04:00,2014-09-18 10:02:00,43.09,28.83,5.54,0,0,58,15.8613496932515,1.49462365591398,3.70661870503597
"366",2014-09-18 13:21:00,2014-09-18 13:23:00,0.69,17.51,0.15,0,0,2,0.25398773006135,0.0394060536836094,3.80652173913044
"367",2014-09-18 13:27:00,2014-09-18 13:36:00,2.42,19.5,0.46,0,0,9,0.89079754601227,0.124102564102564,3.70661157024793
"368",2014-09-18 19:32:00,2014-09-18 20:25:00,44.58,30.62,5.44,0,0,53,16.4098159509202,1.45591116917048,3.73649170031404
"369",2014-09-18 20:33:00,2014-09-18 21:00:00,9.5,22.78,1.55,0,0,27,3.49693251533742,0.417032484635645,3.71673684210526
"370",2014-09-19 09:02:00,2014-09-19 09:56:00,43.14,29.12,5.48,2,0,54,15.879754601227,1.48145604395604,3.69906351414001
"371",2014-09-19 13:47:00,2014-09-19 14:02:00,3.12,16.22,0.71,0,0,15,1.14846625766871,0.192355117139334,3.69108974358974
"372",2014-09-19 16:14:00,2014-09-19 17:25:00,43.67,26.34,6.14,0,1,71,16.0748466257669,1.65793470007593,3.70340279367987
"373",2014-09-22 18:42:00,2014-09-22 19:40:00,43.35,30.12,5.29,0,0,58,15.9570552147239,1.43924302788845,3.67554325259516
"374",2014-09-23 17:00:00,2014-09-23 17:59:00,9.07,14.15,2.37,0,0,59,3.33865030674847,0.640989399293286,3.69740904079383
"375",2014-09-23 18:58:00,2014-09-23 19:12:00,2.92,15.97,0.67,0,0,14,1.07484662576687,0.182842830306825,3.66434931506849
"376",2014-09-23 22:43:00,2014-09-23 23:04:00,10.79,25.27,1.57,0,0,21,3.97177914110429,0.426988523941432,3.67691380908248
"377",2014-09-24 07:17:00,2014-09-24 08:09:00,39.03,29.24,4.57,0,0,52,14.3668711656442,1.33481532147743,3.42369459390213
"378",2014-09-24 08:11:00,2014-09-24 08:51:00,34.41,31.31,3.45,0,0,40,12.6662576687117,1.0990099009901,3.13918918918919
"379",2014-09-24 08:58:00,2014-09-24 09:51:00,31.92,28.79,3.73,0,0,53,11.7496932515337,1.108718304967,3.36424498746867
"380",2014-09-24 19:36:00,2014-09-24 20:14:00,32.06,29.5,3.67,0,0,38,11.801226993865,1.08677966101695,3.37694946974423
"381",2014-09-24 20:21:00,2014-09-24 21:38:00,71.19,31.07,7.55,0,0,77,26.2049079754601,2.29127775989701,3.29510464952943
"382",2014-09-25 08:33:00,2014-09-25 09:55:00,47.7,27.29,6.4,0,0,82,17.558282208589,1.7478930010993,3.66155136268344
"383",2014-09-25 13:45:00,2014-09-25 13:47:00,0.41,11.49,0.13,0,0,2,0.150920245398773,0.0356832027850305,3.64317073170732
"384",2014-09-25 13:51:00,2014-09-25 13:56:00,0.94,17.8,0.19,0,0,5,0.34601226993865,0.0528089887640449,3.59787234042553
"385",2014-09-25 18:34:00,2014-09-25 19:30:00,43.39,30.59,5.19,0,1,56,15.9717791411043,1.41843739784243,3.6589559806407
"386",2014-09-26 08:03:00,2014-09-26 09:04:00,43.1,28.67,5.52,4,1,61,15.8650306748466,1.50331356818975,3.67188863109049
"387",2014-09-26 16:44:00,2014-09-26 18:03:00,46.12,24.94,6.79,3,0,79,16.9766871165644,1.84923817161187,3.67178230702515
"388",2014-09-28 18:03:00,2014-09-28 18:22:00,9.36,23.09,1.5,0,0,19,3.44539877300613,0.405370290168904,3.70032051282051
"392",2014-09-28 19:14:00,2014-09-28 19:24:00,2.28,18.49,0.45,0,0,10,0.839263803680982,0.123309897241752,3.64934210526316
"390",2014-09-28 19:58:00,2014-09-28 20:01:00,0.37,11.12,0.12,0,0,3,0.136196319018405,0.033273381294964,3.60648648648649
"391",2014-09-28 20:05:00,2014-09-28 20:27:00,7.32,19.43,1.4,0,0,22,2.69447852760736,0.376737004632012,3.71612021857923
"389",2014-09-29 08:46:00,2014-09-29 10:07:00,47.22,25.44,6.83,0,0,81,17.3815950920245,1.8561320754717,3.67969504447268
"393",2014-09-29 19:40:00,2014-09-29 20:29:00,41.88,29.96,5.14,0,1,49,15.4159509202454,1.39786381842457,3.67703915950334
"394",2014-09-30 08:48:00,2014-09-30 09:53:00,43.07,26.84,5.91,0,0,65,15.8539877300614,1.60469448584203,3.68294404457859
"395",2014-09-30 13:18:00,2014-09-30 13:33:00,3.14,17.24,0.67,0,0,15,1.1558282208589,0.182134570765661,3.67859872611465
"396",2014-09-30 15:49:00,2014-09-30 16:49:00,42.4,27.28,5.74,1,1,60,15.6073619631902,1.55425219941349,3.69309433962264
"398",2014-10-01 08:52:00,2014-10-01 09:57:00,43.12,27.95,5.71,0,0,65,15.8723926380368,1.54275491949911,3.70117115027829
"397",2014-10-01 13:45:00,2014-10-01 13:57:00,3.1,18.37,0.62,0,0,12,1.14110429447853,0.168753402286336,3.674
"399",2014-10-01 18:49:00,2014-10-01 19:45:00,43.75,30.28,5.31,2,0,56,16.1042944785276,1.44484808454425,3.67512685714286
"400",2014-10-02 08:51:00,2014-10-02 09:48:00,43.12,29.35,5.38,1,0,57,15.8723926380368,1.46916524701874,3.66194341372913
"401",2014-10-02 13:50:00,2014-10-02 14:49:00,44.56,30.74,5.31,0,0,59,16.4024539877301,1.44957709824333,3.66313734290844
"402",2014-10-04 12:05:00,2014-10-04 12:25:00,3.16,13.57,0.85,0,0,20,1.16319018404908,0.232866617538688,3.6501582278481
"403",2014-10-04 13:23:00,2014-10-04 13:25:00,0.14,8.55,0.06,0,0,2,0.0515337423312883,0.016374269005848,3.66428571428571
"404",2014-10-04 13:28:00,2014-10-04 13:45:00,2.87,15.13,0.69,0,0,17,1.05644171779141,0.189689358889623,3.63752613240418
"405",2014-10-04 14:18:00,2014-10-04 14:30:00,1.49,12.5,0.43,0,0,12,0.548466257668712,0.1192,3.60738255033557
"406",2014-10-06 09:41:00,2014-10-06 10:42:00,42.29,30.43,5.09,0,0,61,15.5668711656442,1.38974696023661,3.66253724284701
"407",2014-10-06 14:49:00,2014-10-06 15:04:00,3.12,16.93,0.67,0,0,15,1.14846625766871,0.184288245717661,3.63560897435897
"408",2014-10-06 17:16:00,2014-10-06 18:42:00,43.82,25.64,6.21,3,1,86,16.1300613496932,1.70904836193448,3.63360109539023
"409",2014-10-07 08:57:00,2014-10-07 09:54:00,44.98,28.31,5.78,0,0,57,16.5570552147239,1.58883786647828,3.63787905735883
"411",2014-10-07 14:04:00,2014-10-07 14:18:00,3.1,17.18,0.65,0,0,14,1.14110429447853,0.180442374854482,3.60225806451613
"410",2014-10-07 17:52:00,2014-10-07 18:56:00,43.19,27.75,5.61,2,1,64,15.8981595092025,1.5563963963964,3.60448020375087
"412",2014-10-08 09:11:00,2014-10-08 10:03:00,43.11,30.78,5.07,0,0,52,15.8687116564417,1.40058479532164,3.61991649269311
"413",2014-10-08 12:22:00,2014-10-08 12:40:00,3.11,16.32,0.69,0,0,18,1.14478527607362,0.190563725490196,3.62083601286174
"414",2014-10-08 19:43:00,2014-10-08 20:35:00,41.9,30.04,5.05,0,0,52,15.4233128834356,1.3948069241012,3.62057279236277
